Date and Time,Time (s),Force 1 (N),Force 2 (N),Force 3 (N),Force 4 (N),,,,
10/1/2018 13:26,0,-3.27,-6.61,2.59,-5.97,,,,
10/1/2018 13:26,0.05,-3.12,-6.58,1.4,-5.35,,,,
10/1/2018 13:26,0.1,-3.08,-6.44,1.81,-6.36,,,,
10/1/2018 13:26,0.15,-2.86,-6.48,0.73,-5.31,,,,
10/1/2018 13:26,0.2,-2.74,-6.52,3.09,-6.58,,,,
10/1/2018 13:26,0.25,-2.82,-6.72,-0.23,-4.85,,,,
10/1/2018 13:26,0.3,-3.09,-6.92,-1.05,-4.7,,,,
10/1/2018 13:26,0.35,-3.15,-6.84,-0.93,-6.67,,,,
10/1/2018 13:26,0.4,-3.19,-6.85,-1.05,-7.66,,,,
10/1/2018 13:26,0.45,-2.84,-6.86,-0.67,-5.58,,,,
10/1/2018 13:26,0.5,-2.77,-6.91,-0.29,-6.71,,,,
10/1/2018 13:26,0.55,-3.37,-6.92,-1.1,-7.45,,,,
10/1/2018 13:26,0.6,-3.23,-6.82,-1.31,-7.8,,,,
10/1/2018 13:26,0.65,-2.97,-6.65,-1.08,-7.71,,,,
10/1/2018 13:26,0.7,-2.72,-6.77,-0.79,-7.47,,,,
10/1/2018 13:26,0.75,-3.46,-6.99,-1.27,-7.73,,,,
10/1/2018 13:26,0.8,-3.67,-6.84,-1.3,-7.83,,,,
10/1/2018 13:26,0.85,-3.24,-6.67,-1.03,-7.64,,,,
10/1/2018 13:26,0.9,-2.63,-6.52,-0.62,-7.28,,,,
10/1/2018 13:26,0.95,-2.78,-6.66,-0.79,-7.28,,,,
10/1/2018 13:26,1,-3.33,-6.78,-1.04,-7.54,,,,
10/1/2018 13:26,1.05,-3.13,-7.54,1.46,-4.84,,,,
10/1/2018 13:26,1.1,-3.35,-6.27,-0.86,-7.03,,,,
10/1/2018 13:26,1.15,-3.2,-6.7,-1.23,-7.57,,,,
10/1/2018 13:26,1.2,-2.62,-6.74,-0.72,-3.52,,,,
10/1/2018 13:26,1.25,-2.46,-6.24,-0.02,-3.87,,,,
10/1/2018 13:26,1.3,-2.32,-7.22,1.23,3.82,,,,
10/1/2018 13:26,1.35,-2.98,-6.42,-2.5,4.44,,,,
10/1/2018 13:26,1.4,-3.6,-5.67,1.64,0,,,,
10/1/2018 13:26,1.45,-3.32,-6.5,0.87,-3.21,,,,
10/1/2018 13:26,1.5,-2.63,-6.37,4.32,0.94,,,,
10/1/2018 13:26,1.55,-2.5,-6.1,6.61,-0.95,,,,
10/1/2018 13:26,1.6,-2.15,-6.06,5.68,0.32,,,,
10/1/2018 13:26,1.65,-2.13,-5.99,5.28,0.52,,,,
10/1/2018 13:26,1.7,5.22,-2.13,0.72,-1.76,,,,
10/1/2018 13:26,1.75,-0.13,-2.01,0.01,-0.5,,,,
10/1/2018 13:26,1.8,-1.78,-0.93,0.19,2.26,,,,
10/1/2018 13:26,1.85,-1.81,-1.29,0.22,2.06,,,,
10/1/2018 13:26,1.9,-0.05,0.23,0.07,-1.42,,,,
10/1/2018 13:26,1.95,-0.22,0.5,0.02,-0.74,,,,
10/1/2018 13:26,2,0.46,-0.8,0.13,-0.26,,,,
10/1/2018 13:26,2.05,-0.73,-0.01,0.16,0.36,,,,
10/1/2018 13:26,2.1,0.37,-0.2,0.07,-0.41,,,,
10/1/2018 13:26,2.15,-0.07,0.6,0.1,-0.58,,,,
10/1/2018 13:26,2.2,-0.11,-0.17,0.25,0.73,,,,
10/1/2018 13:26,2.25,0.16,-0.81,0.78,4.35,,,,
10/1/2018 13:26,2.3,-1.14,1.64,0.82,4.6,,,,
10/1/2018 13:26,2.35,-1.26,2.4,1.01,5.52,,,,
10/1/2018 13:26,2.4,-1.15,1.63,1.25,8.14,,,,
10/1/2018 13:26,2.45,-1.04,2.15,1.35,9.3,,,,
10/1/2018 13:26,2.5,-1.11,-0.15,10.96,5.91,,,,
10/1/2018 13:26,2.55,-0.84,0.73,4.09,12.33,,,,
10/1/2018 13:26,2.6,-0.66,3.98,2.32,11.34,,,,
10/1/2018 13:26,2.65,-0.66,2.22,5.42,11.98,,,,
10/1/2018 13:26,2.7,-0.58,1,7.6,12.28,,,,
10/1/2018 13:26,2.75,-0.05,6.99,7.57,11.55,,,,
10/1/2018 13:26,2.8,-0.25,3.68,3.02,14.96,,,,
10/1/2018 13:26,2.85,-0.49,2.33,9.11,12.97,,,,
10/1/2018 13:26,2.9,-0.27,4.27,5.18,14.33,,,,
10/1/2018 13:26,2.95,-0.26,4.83,4.87,14,,,,
10/1/2018 13:26,3,-0.26,3.17,8.55,13.07,,,,
10/1/2018 13:26,3.05,-0.19,4.73,6.02,14.44,,,,
10/1/2018 13:26,3.1,-0.08,4.79,7.55,14.11,,,,
10/1/2018 13:26,3.15,0.05,5.12,7.81,15.3,,,,
10/1/2018 13:26,3.2,0.33,7.19,6.18,16.85,,,,
10/1/2018 13:26,3.25,0.61,7.61,6.74,18.03,,,,
10/1/2018 13:26,3.3,0.79,7.85,7.44,19.1,,,,
10/1/2018 13:26,3.35,1.06,9.3,5.67,21.09,,,,
10/1/2018 13:26,3.4,1.35,10.3,6.02,23.02,,,,
10/1/2018 13:26,3.45,1.62,11.5,6.51,25.53,,,,
10/1/2018 13:26,3.5,2.14,13.53,5.56,28.11,,,,
10/1/2018 13:26,3.55,2.45,15.45,5.08,30.43,,,,
10/1/2018 13:26,3.6,3.95,16.36,5.31,31.26,,,,
10/1/2018 13:26,3.65,3.95,18.28,5.72,32.98,,,,
10/1/2018 13:26,3.7,3.05,19,8.29,33.24,,,,
10/1/2018 13:26,3.75,3.05,18.69,8.09,35.79,,,,
10/1/2018 13:26,3.8,4.03,20.67,6.54,36.25,,,,
10/1/2018 13:26,3.85,4.11,21.18,7.09,38.2,,,,
10/1/2018 13:26,3.9,5.2,21.96,7.95,38.04,,,,
10/1/2018 13:26,3.95,5.67,22.85,8.23,39.04,,,,
10/1/2018 13:26,4,5.63,23.38,9.7,38.5,,,,
10/1/2018 13:26,4.05,6.33,23.83,9.13,39.56,,,,
10/1/2018 13:26,4.1,6.64,24.28,10.3,38.81,,,,
10/1/2018 13:26,4.15,6.64,24.73,10.69,39.2,,,,
10/1/2018 13:26,4.2,6.78,25.15,11.81,38.96,,,,
10/1/2018 13:26,4.25,6.72,25.62,13.08,38.71,,,,
10/1/2018 13:26,4.3,6.66,25.55,13.8,38.88,,,,
10/1/2018 13:26,4.35,6.94,25.86,13.93,38.76,,,,
10/1/2018 13:26,4.4,6.99,25.85,14.16,38.68,,,,
10/1/2018 13:26,4.45,7.55,25.99,13.02,39.24,,,,
10/1/2018 13:26,4.5,7.96,25.98,13.08,39.57,,,,
10/1/2018 13:26,4.55,8.69,26.14,12.24,40.12,,,,
10/1/2018 13:26,4.6,9.06,26.15,12.5,40.62,,,,
10/1/2018 13:26,4.65,9.92,26.24,11.72,40.98,,,,
10/1/2018 13:26,4.7,10.34,26.22,11.4,41.66,,,,
10/1/2018 13:26,4.75,10.75,26.33,11.06,41.89,,,,
10/1/2018 13:26,4.8,11.45,26.25,10.21,41.8,,,,
10/1/2018 13:26,4.85,12.13,25.95,9.62,42.26,,,,
10/1/2018 13:26,4.9,12.31,25.78,8.85,42.64,,,,
10/1/2018 13:26,4.95,12.35,25.31,9.18,42.63,,,,
10/1/2018 13:26,5,12.74,25,8.29,43.11,,,,
10/1/2018 13:26,5.05,12.85,24.55,7.79,43.5,,,,
10/1/2018 13:26,5.1,13.16,24.18,7.49,44.04,,,,
10/1/2018 13:26,5.15,13.76,23.77,7.31,44.46,,,,
10/1/2018 13:26,5.2,14.21,23.26,7.26,44.99,,,,
10/1/2018 13:26,5.25,14.15,23.56,7.28,45.01,,,,
10/1/2018 13:26,5.3,14.06,23.75,7.59,45.59,,,,
10/1/2018 13:26,5.35,14.05,23.82,7.74,46.35,,,,
10/1/2018 13:26,5.4,13.53,23.64,8.89,46.81,,,,
10/1/2018 13:26,5.45,13.66,23.67,8.75,47.62,,,,
10/1/2018 13:26,5.5,13.38,23.67,9.37,47.85,,,,
10/1/2018 13:26,5.55,13.82,24.44,9.98,47.97,,,,
10/1/2018 13:26,5.6,14.11,25.14,11.06,47.97,,,,
10/1/2018 13:26,5.65,15.26,26.25,12.2,48.19,,,,
10/1/2018 13:26,5.7,16.62,27.07,12.8,48.95,,,,
10/1/2018 13:26,5.75,18.5,28.19,13.24,50.84,,,,
10/1/2018 13:26,5.8,19.58,29.99,13.65,51.99,,,,
10/1/2018 13:26,5.85,21.39,30.84,14.83,51.34,,,,
10/1/2018 13:26,5.9,23.46,32.01,13.58,51.49,,,,
10/1/2018 13:26,5.95,24.28,33.3,13.68,50.52,,,,
10/1/2018 13:26,6,25.67,34.06,13.03,50.01,,,,
10/1/2018 13:26,6.05,26.63,35.27,12.1,49.77,,,,
10/1/2018 13:26,6.1,26.87,35.97,11.67,49.15,,,,
10/1/2018 13:26,6.15,26.59,36.69,12.08,47.99,,,,
10/1/2018 13:26,6.2,25.37,36.45,13.07,47.51,,,,
10/1/2018 13:26,6.25,24.11,36.64,14.04,46.49,,,,
10/1/2018 13:26,6.3,21.4,35.68,15.47,45.45,,,,
10/1/2018 13:26,6.35,20.67,34.33,16.19,44.89,,,,
10/1/2018 13:26,6.4,20.2,32.42,15.28,45.09,,,,
10/1/2018 13:26,6.45,20.21,30.9,13.32,46.33,,,,
10/1/2018 13:26,6.5,20.39,29.43,12.29,47.96,,,,
10/1/2018 13:26,6.55,21.19,28.22,10.92,48.65,,,,
10/1/2018 13:26,6.6,21.32,26.64,9.69,49.4,,,,
10/1/2018 13:26,6.65,22.37,25.95,8.59,49.67,,,,
10/1/2018 13:26,6.7,22.24,24.99,7.41,48.85,,,,
10/1/2018 13:26,6.75,21.64,24.34,7.27,46.99,,,,
10/1/2018 13:26,6.8,22.51,23.99,7.11,45.33,,,,
10/1/2018 13:26,6.85,21.1,23.66,7.08,44.35,,,,
10/1/2018 13:26,6.9,19.75,23.65,7.22,42.85,,,,
10/1/2018 13:26,6.95,21.15,22.3,6.71,41.4,,,,
10/1/2018 13:26,7,20.81,21.05,6.69,42.02,,,,
10/1/2018 13:26,7.05,19.49,18,6.37,40.69,,,,
10/1/2018 13:26,7.1,18.84,12.3,5.68,38.15,,,,
10/1/2018 13:26,7.15,13.74,9.44,5.74,38.74,,,,
10/1/2018 13:26,7.2,9,10.38,6.17,39.58,,,,
10/1/2018 13:26,7.25,6.95,7.53,6.21,39.16,,,,
10/1/2018 13:26,7.3,3.49,6.19,6.33,40.93,,,,
10/1/2018 13:26,7.35,1.69,1.82,12.37,36.81,,,,
10/1/2018 13:26,7.4,0.78,-3.36,17.19,33.24,,,,
10/1/2018 13:26,7.45,-0.43,-6.25,21.25,24.71,,,,
10/1/2018 13:26,7.5,-1.26,-6.8,15.63,21.12,,,,
10/1/2018 13:26,7.55,-1.86,-7.33,8.94,16.42,,,,
10/1/2018 13:26,7.6,-2.87,-7.46,6.22,5.67,,,,
10/1/2018 13:26,7.65,-3.18,-7.39,4.52,-4.06,,,,
10/1/2018 13:26,7.7,-3.16,-7.33,2.45,-7.11,,,,
10/1/2018 13:26,7.75,-3.15,-7.28,0.77,-7.42,,,,
10/1/2018 13:26,7.8,-3,-7.39,-0.43,-7.55,,,,
10/1/2018 13:26,7.85,-3.04,-7.45,-0.54,-7.5,,,,
10/1/2018 13:26,7.9,-3.06,-7.44,-0.48,-7.45,,,,
10/1/2018 13:26,7.95,-3.14,-7.4,-0.42,-7.3,,,,
10/1/2018 13:26,8,-3.22,-7.55,-0.49,-7.3,,,,
10/1/2018 13:26,8.05,-3.22,-7.56,-0.44,-7.14,,,,
10/1/2018 13:26,8.1,-3.13,-7.54,-0.31,-7.18,,,,
10/1/2018 13:26,8.15,-3.16,-7.56,-0.29,-7.19,,,,
10/1/2018 13:26,8.2,-3.22,-7.59,-0.36,-7.32,,,,
10/1/2018 13:26,8.25,-3.3,-7.6,-0.45,-7.36,,,,
10/1/2018 13:26,8.3,-3.28,-7.66,-0.41,-7.26,,,,
10/1/2018 13:26,8.35,-3.36,-7.61,-0.45,-7.25,,,,
10/1/2018 13:26,8.4,-3.44,-7.59,-0.46,-7.23,,,,
10/1/2018 13:26,8.45,-3.43,-7.58,-0.38,-7.14,,,,
10/1/2018 13:26,8.5,-3.47,4.58,-0.34,-7.1,,,,
10/1/2018 13:26,8.55,-2.87,-7.77,-0.81,-7.97,,,,
10/1/2018 13:26,8.6,-2.99,-5.62,-0.47,-7.31,,,,
10/1/2018 13:26,8.65,-4.59,-7.4,13.71,-5.08,,,,
10/1/2018 13:26,8.7,-2.31,-6.3,-1.17,-10.25,,,,
10/1/2018 13:26,8.75,-1.34,-5.56,9.9,-1.58,,,,
10/1/2018 13:26,8.8,-1.07,1.51,3.57,3.71,,,,
10/1/2018 13:26,8.85,-0.66,7.17,2.48,10.32,,,,
10/1/2018 13:26,8.9,-0.04,9.86,4.25,14.9,,,,
10/1/2018 13:26,8.95,0.33,12.08,6.34,18.97,,,,
10/1/2018 13:26,9,0.86,14.12,9.62,22.73,,,,
10/1/2018 13:26,9.05,1.65,17.47,9.78,28.91,,,,
10/1/2018 13:26,9.1,2.62,22.66,6.66,33.55,,,,
10/1/2018 13:26,9.15,3.51,27.43,6.67,37.4,,,,
10/1/2018 13:26,9.2,4.33,31.37,7.39,41.82,,,,
10/1/2018 13:26,9.25,11.42,32.39,7.82,43.19,,,,
10/1/2018 13:26,9.3,9.91,38.14,9.62,53.88,,,,
10/1/2018 13:26,9.35,12.94,38.62,13.1,60.35,,,,
10/1/2018 13:26,9.4,18.27,39.08,13.76,66.49,,,,
10/1/2018 13:26,9.45,20.09,39.06,20.45,73.36,,,,
10/1/2018 13:26,9.5,24.54,40.78,21.52,73.02,,,,
10/1/2018 13:26,9.55,24.87,39.66,22.63,75.62,,,,
10/1/2018 13:26,9.6,27.25,41.55,20.45,73.46,,,,
10/1/2018 13:26,9.65,27.22,42.12,23.38,71.27,,,,
10/1/2018 13:26,9.7,29.23,43.94,18.98,68.63,,,,
10/1/2018 13:26,9.75,28.44,45.28,19.51,65.6,,,,
10/1/2018 13:26,9.8,27.61,46.03,18.01,63.07,,,,
10/1/2018 13:26,9.85,25.32,46.89,19.62,60.24,,,,
10/1/2018 13:26,9.9,25.71,48.23,19.69,56.16,,,,
10/1/2018 13:26,9.95,23.49,48.59,20.34,54.96,,,,
10/1/2018 13:26,10,23.38,49.66,20.86,52.03,,,,
10/1/2018 13:26,10.05,23.27,51.58,22.09,49.99,,,,
10/1/2018 13:26,10.1,23.03,52.23,23.2,49.27,,,,
10/1/2018 13:26,10.15,23.06,53.91,24.03,48.22,,,,
10/1/2018 13:26,10.2,23.75,54.12,23.66,48.84,,,,
10/1/2018 13:26,10.25,24.13,54.03,22.92,49.63,,,,
10/1/2018 13:26,10.3,24.47,53.88,21.26,50.42,,,,
10/1/2018 13:26,10.35,24.9,52.25,19.15,50.7,,,,
10/1/2018 13:26,10.4,27.03,51.53,14.39,51.97,,,,
10/1/2018 13:26,10.45,29.6,51.56,11.79,51.65,,,,
10/1/2018 13:26,10.5,30.62,50.29,9.88,52.91,,,,
10/1/2018 13:26,10.55,32.28,49.4,9.59,51.45,,,,
10/1/2018 13:26,10.6,32.81,47.39,9.36,50.77,,,,
10/1/2018 13:26,10.65,31.18,45.92,9.34,51.21,,,,
10/1/2018 13:26,10.7,30.16,44.29,9.28,51.33,,,,
10/1/2018 13:26,10.75,30.27,43.25,9.26,52.07,,,,
10/1/2018 13:26,10.8,31.33,42.02,9.24,53.36,,,,
10/1/2018 13:26,10.85,31.83,41.71,9.34,55.13,,,,
10/1/2018 13:26,10.9,31.03,42.8,9.85,59.76,,,,
10/1/2018 13:26,10.95,32.51,42.56,10.04,62.32,,,,
10/1/2018 13:26,11,32.37,42.79,10.54,66.7,,,,
10/1/2018 13:26,11.05,31.21,43.31,11.02,72.86,,,,
10/1/2018 13:26,11.1,30.37,42.16,11.33,77.44,,,,
10/1/2018 13:26,11.15,27.58,39.77,13.13,80.05,,,,
10/1/2018 13:26,11.2,27.46,37.74,13.01,82.46,,,,
10/1/2018 13:26,11.25,26.69,35.43,13.81,83.42,,,,
10/1/2018 13:26,11.3,26.45,33.77,12.05,82.69,,,,
10/1/2018 13:26,11.35,25,30.28,11.87,81.7,,,,
10/1/2018 13:26,11.4,23.85,28.95,11.29,78.49,,,,
10/1/2018 13:26,11.45,21.08,29.11,12.14,75.37,,,,
10/1/2018 13:26,11.5,20.85,29.93,12.87,73.23,,,,
10/1/2018 13:26,11.55,18.88,29.31,14.15,70.26,,,,
10/1/2018 13:26,11.6,16.31,28.68,13.51,68.01,,,,
10/1/2018 13:26,11.65,14.37,29.13,13.54,64.25,,,,
10/1/2018 13:26,11.7,10.13,28.24,12.28,61.31,,,,
10/1/2018 13:26,11.75,6.09,26.38,12.38,55.59,,,,
10/1/2018 13:26,11.8,2.21,19.18,13.7,46.51,,,,
10/1/2018 13:26,11.85,0.02,5.19,29.72,31.37,,,,
10/1/2018 13:26,11.9,-0.52,-0.46,27.39,25.31,,,,
10/1/2018 13:26,11.95,-0.86,-2.7,21.87,22.87,,,,
10/1/2018 13:26,12,-1.29,-5.79,26.03,15.18,,,,
10/1/2018 13:26,12.05,-1.84,-6.63,20.51,14.78,,,,
10/1/2018 13:26,12.1,-2.23,-7.33,16.91,10.93,,,,
10/1/2018 13:26,12.15,-2.45,-7.62,13.1,7.75,,,,
10/1/2018 13:26,12.2,-2.36,-7.5,11.23,4.59,,,,
10/1/2018 13:26,12.25,-2.17,-7.37,9.03,4.55,,,,
10/1/2018 13:26,12.3,-2.13,-7.19,8.95,2.42,,,,
10/1/2018 13:26,12.35,-2.22,-7.05,8.92,0.2,,,,
10/1/2018 13:26,12.4,-2.31,-6.99,8.73,-1.8,,,,
10/1/2018 13:26,12.45,-2.39,-7.05,7.46,-3.42,,,,
10/1/2018 13:26,12.5,-2.5,-7.29,6.52,-5.67,,,,
10/1/2018 13:26,12.55,-2.64,-7.44,4.92,-6.84,,,,
10/1/2018 13:26,12.6,-2.66,-7.6,3.81,-7.45,,,,
10/1/2018 13:26,12.65,-2.66,-7.7,3.49,-7.5,,,,
10/1/2018 13:26,12.7,-2.7,-7.87,1.77,-6.6,,,,
10/1/2018 13:26,12.75,-2.85,-7.27,-0.05,-7.28,,,,
10/1/2018 13:26,12.8,-3.43,-7.06,-0.22,-7.09,,,,
10/1/2018 13:26,12.85,-2.77,-7.61,-0.43,-7.68,,,,
10/1/2018 13:26,12.9,-2.89,-7.83,-0.46,-7.93,,,,
10/1/2018 13:26,12.95,-2.94,-7.83,-0.5,-7.81,,,,
10/1/2018 13:26,13,-2.86,-7.74,-0.46,-7.46,,,,
10/1/2018 13:26,13.05,-2.87,-7.73,-0.32,-7.27,,,,
10/1/2018 13:26,13.1,-3.02,-7.79,-0.4,-7.38,,,,
10/1/2018 13:26,13.15,-3.06,-7.76,-0.4,-7.44,,,,
10/1/2018 13:26,13.2,-3.09,-7.82,-0.49,-7.47,,,,
10/1/2018 13:26,13.25,-3.13,-7.85,-0.53,-7.44,,,,
10/1/2018 13:26,13.3,-3.09,-7.81,-0.44,-7.32,,,,
10/1/2018 13:26,13.35,-3.07,-7.77,-0.36,-7.27,,,,
10/1/2018 13:26,13.4,-3.02,-7.81,-0.38,-7.21,,,,
10/1/2018 13:26,13.45,-3.07,-7.81,-0.38,-7.22,,,,
10/1/2018 13:26,13.5,-3.13,-7.8,-0.36,-7.28,,,,
10/1/2018 13:26,13.55,-3.11,-6.76,0.54,-6.6,,,,
10/1/2018 13:26,13.6,-2.88,-4.84,-0.47,-7.34,,,,
10/1/2018 13:26,13.65,-2.6,-4.86,-0.04,-7.74,,,,
10/1/2018 13:26,13.7,1.86,-3.09,0.3,-7.24,,,,
10/1/2018 13:26,13.75,0.82,-3.47,-0.82,-7.1,,,,
10/1/2018 13:26,13.8,-1.26,-2.98,0.06,4.59,,,,
10/1/2018 13:26,13.85,-1.26,0.98,1.09,4.35,,,,
10/1/2018 13:26,13.9,-0.31,3.65,1.86,9.32,,,,
10/1/2018 13:26,13.95,0.24,5.62,2.57,14.05,,,,
10/1/2018 13:26,14,0.9,8.96,3.26,18.51,,,,
10/1/2018 13:26,14.05,1.71,11.96,4.27,24.35,,,,
10/1/2018 13:26,14.1,4.26,13.25,4.69,28.67,,,,
10/1/2018 13:26,14.15,5.69,16.06,5.18,33.65,,,,
10/1/2018 13:26,14.2,9.23,16.21,5.57,37.73,,,,
10/1/2018 13:26,14.25,12.66,16.1,5.7,39.82,,,,
10/1/2018 13:26,14.3,13.54,15.96,6.18,44.64,,,,
10/1/2018 13:26,14.35,15.9,17.89,6.43,47.29,,,,
10/1/2018 13:26,14.4,19.18,17.83,6.86,53.37,,,,
10/1/2018 13:26,14.45,23.24,19.2,7.11,57.22,,,,
10/1/2018 13:26,14.5,26.25,21.28,7.35,59.93,,,,
10/1/2018 13:26,14.55,25.84,25.11,7.97,63.99,,,,
10/1/2018 13:26,14.6,26.09,27.62,8.98,67.59,,,,
10/1/2018 13:26,14.65,25.66,29.26,11.7,66.47,,,,
10/1/2018 13:26,14.7,25.27,29.69,12.93,65.02,,,,
10/1/2018 13:26,14.75,25.83,30.02,14.15,63.72,,,,
10/1/2018 13:26,14.8,24.7,30.39,13.22,62.27,,,,
10/1/2018 13:26,14.85,23.37,29.7,12.57,60.43,,,,
10/1/2018 13:26,14.9,23.21,30.54,11.53,58.79,,,,
10/1/2018 13:26,14.95,22.37,31.63,11.42,57.99,,,,
10/1/2018 13:26,15,22.07,33.95,14.13,57.41,,,,
10/1/2018 13:26,15.05,23.92,36.84,14.81,56.76,,,,
10/1/2018 13:26,15.1,23.58,38.38,16.3,59.04,,,,
10/1/2018 13:26,15.15,25.76,40.31,14.67,59.83,,,,
10/1/2018 13:26,15.2,25.28,40.29,16.14,60.74,,,,
10/1/2018 13:26,15.25,25.58,40.22,16.82,60.58,,,,
10/1/2018 13:26,15.3,27.09,40.75,17.47,60.84,,,,
10/1/2018 13:26,15.35,27.12,40.55,17.73,61.38,,,,
10/1/2018 13:26,15.4,27.38,40.56,18.24,61.79,,,,
10/1/2018 13:26,15.45,29.95,43.29,17.04,62.96,,,,
10/1/2018 13:26,15.5,31.8,43.98,16.98,63.15,,,,
10/1/2018 13:26,15.55,33.86,45.23,16.59,63.55,,,,
10/1/2018 13:26,15.6,36.96,46.14,15.7,64.42,,,,
10/1/2018 13:26,15.65,39.53,45.01,14.53,65.73,,,,
10/1/2018 13:26,15.7,41.49,44.52,13.33,66.35,,,,
10/1/2018 13:26,15.75,41.16,44.02,14.06,67.9,,,,
10/1/2018 13:26,15.8,41.6,42.77,13.33,69.41,,,,
10/1/2018 13:26,15.85,40.24,42.33,15.06,69.27,,,,
10/1/2018 13:26,15.9,38.52,42.76,17.54,68.49,,,,
10/1/2018 13:26,15.95,37.74,43.18,18.06,69,,,,
10/1/2018 13:26,16,35.53,42.8,21.4,66.62,,,,
10/1/2018 13:26,16.05,32.44,42.53,26.49,64.61,,,,
10/1/2018 13:26,16.1,31.43,42.78,25.12,63.58,,,,
10/1/2018 13:26,16.15,29.53,42.54,26.79,62.02,,,,
10/1/2018 13:26,16.2,26.72,41.65,27.26,60.18,,,,
10/1/2018 13:26,16.25,24.26,40.31,27.26,58.33,,,,
10/1/2018 13:26,16.3,21.81,39.22,26.64,55.93,,,,
10/1/2018 13:26,16.35,18.08,36.26,26.72,53.36,,,,
10/1/2018 13:26,16.4,13.89,33.83,24.8,49.09,,,,
10/1/2018 13:26,16.45,10.18,31.28,24.13,44.65,,,,
10/1/2018 13:26,16.5,5.65,26.99,21.98,42.77,,,,
10/1/2018 13:26,16.55,4.12,24.58,18.19,40.49,,,,
10/1/2018 13:26,16.6,2.25,20.57,18.37,37.36,,,,
10/1/2018 13:26,16.65,1.62,13.78,17.92,33.89,,,,
10/1/2018 13:26,16.7,0.65,5.69,18.2,29.11,,,,
10/1/2018 13:26,16.75,-0.4,-0.87,20.92,22.53,,,,
10/1/2018 13:26,16.8,-1.37,-6.3,22.76,16.4,,,,
10/1/2018 13:26,16.85,-1.66,-6.71,19.05,14.22,,,,
10/1/2018 13:26,16.9,-2,-7.14,16.92,11.38,,,,
10/1/2018 13:26,16.95,-2.17,-7.17,14.28,8.2,,,,
10/1/2018 13:26,17,-2.35,-7.18,13.22,7.01,,,,
10/1/2018 13:26,17.05,-2.5,-7.3,11.27,4.33,,,,
10/1/2018 13:26,17.1,-2.56,-7.28,10.82,2.14,,,,
10/1/2018 13:26,17.15,-2.59,-7.37,8.17,0.8,,,,
10/1/2018 13:26,17.2,-2.6,-7.36,6.29,-1.94,,,,
10/1/2018 13:26,17.25,-2.62,-7.37,3.32,-4,,,,
10/1/2018 13:26,17.3,-2.68,-7.44,1.94,-6.62,,,,
10/1/2018 13:26,17.35,-2.78,-7.6,0.37,-7.63,,,,
10/1/2018 13:26,17.4,-2.81,-7.78,-0.27,-7.69,,,,
10/1/2018 13:26,17.45,-2.96,-7.95,-0.32,-7.65,,,,
10/1/2018 13:26,17.5,-2.94,-7.95,-0.2,-7.58,,,,
10/1/2018 13:26,17.55,-2.94,-7.93,-0.1,-7.47,,,,
10/1/2018 13:26,17.6,-3.01,-7.96,-0.08,-7.42,,,,
10/1/2018 13:26,17.65,-2.97,-7.96,-0.08,-7.41,,,,
10/1/2018 13:26,17.7,-3.04,-8.03,-0.15,-7.43,,,,
10/1/2018 13:26,17.75,-3.11,-7.97,-0.19,-7.48,,,,
10/1/2018 13:26,17.8,-3.15,-7.94,-0.22,-7.48,,,,
10/1/2018 13:26,17.85,-3.16,-7.89,-0.21,-7.46,,,,
10/1/2018 13:26,17.9,-3.18,-7.92,-0.22,-7.44,,,,
10/1/2018 13:26,17.95,-3.16,-7.93,-0.23,-7.46,,,,
10/1/2018 13:26,18,-3.12,-7.9,-0.16,-7.43,,,,
10/1/2018 13:26,18.05,-3.04,-7.82,-0.05,-7.4,,,,
10/1/2018 13:26,18.1,-3.11,-7.83,-0.11,-7.47,,,,
10/1/2018 13:26,18.15,-3.04,-7.84,-0.1,-7.48,,,,
10/1/2018 13:26,18.2,-3.02,-7.83,-0.12,-7.46,,,,
10/1/2018 13:26,18.25,-2.89,7.94,-2.4,-10.6,,,,
10/1/2018 13:26,18.3,-2.87,-5.13,0.77,-8.08,,,,
10/1/2018 13:26,18.35,-1.07,-3.04,0.62,-7.61,,,,
10/1/2018 13:26,18.4,0.32,-2.92,-0.24,-7.48,,,,
10/1/2018 13:26,18.45,2.91,-1.58,-0.29,-7.36,,,,
10/1/2018 13:26,18.5,3.84,-0.3,-0.21,-7.48,,,,
10/1/2018 13:26,18.55,2.16,-6.17,16.16,-3.39,,,,
10/1/2018 13:26,18.6,4.36,-5.7,13.14,-4.3,,,,
10/1/2018 13:26,18.65,10.25,0.14,10.4,-6.75,,,,
10/1/2018 13:26,18.7,11.95,-1.06,19.01,-6.24,,,,
10/1/2018 13:26,18.75,11.84,-4.32,21.21,1.83,,,,
10/1/2018 13:26,18.8,14.09,-1.88,26.27,-0.87,,,,
10/1/2018 13:26,18.85,15.04,-3.01,27.8,7.47,,,,
10/1/2018 13:26,18.9,15.27,-2.62,30.61,11.64,,,,
10/1/2018 13:26,18.95,19.07,-1.84,30.22,14.4,,,,
10/1/2018 13:26,19,21.46,-2.41,31.24,19.8,,,,
10/1/2018 13:26,19.05,24.62,-1.52,29.71,22.48,,,,
10/1/2018 13:26,19.1,26.92,-1.45,29.35,26.74,,,,
10/1/2018 13:26,19.15,30.35,0.71,28.88,28.3,,,,
10/1/2018 13:26,19.2,32.06,2.54,28.55,28.13,,,,
10/1/2018 13:26,19.25,33.79,4.34,30.12,27.85,,,,
10/1/2018 13:26,19.3,36.58,6.23,29.64,29.17,,,,
10/1/2018 13:26,19.35,39.07,9.03,32.22,30.15,,,,
10/1/2018 13:26,19.4,42.41,11.51,35.84,33.99,,,,
10/1/2018 13:26,19.45,43.38,16.05,40.31,33.09,,,,
10/1/2018 13:26,19.5,44.2,16.78,41.67,34.08,,,,
10/1/2018 13:26,19.55,45.05,17.68,41.44,34.34,,,,
10/1/2018 13:26,19.6,45.6,19.15,40.78,35.03,,,,
10/1/2018 13:26,19.65,45.36,19.9,41.06,36.07,,,,
10/1/2018 13:26,19.7,46.77,20.77,40.25,36.41,,,,
10/1/2018 13:26,19.75,45.41,21.09,41.42,37.43,,,,
10/1/2018 13:26,19.8,48.13,22.5,40.48,38.59,,,,
10/1/2018 13:26,19.85,50.98,23.47,42.29,42.04,,,,
10/1/2018 13:26,19.9,54.44,25.42,43.97,45.61,,,,
10/1/2018 13:26,19.95,56.5,26.86,45.29,47.14,,,,
10/1/2018 13:26,20,56.98,27.07,49.08,49.02,,,,
10/1/2018 13:26,20.05,57.82,30.6,52.08,49.4,,,,
10/1/2018 13:26,20.1,57.12,33.83,55.44,47.31,,,,
10/1/2018 13:26,20.15,58.03,36.01,58.6,45.24,,,,
10/1/2018 13:26,20.2,59.69,39.34,59.02,44.33,,,,
10/1/2018 13:26,20.25,57.05,39.56,60.47,43.58,,,,
10/1/2018 13:26,20.3,52.1,36.34,62.72,41.04,,,,
10/1/2018 13:26,20.35,47.86,28.59,59.75,39.87,,,,
10/1/2018 13:26,20.4,43.39,24.03,56.79,39.3,,,,
10/1/2018 13:26,20.45,44.26,23.39,53.12,39.04,,,,
10/1/2018 13:26,20.5,45.39,24.13,54.2,37.67,,,,
10/1/2018 13:26,20.55,45.71,26.03,55.53,37.02,,,,
10/1/2018 13:26,20.6,46.66,28,56.37,35.69,,,,
10/1/2018 13:26,20.65,47.51,29.85,56.35,34.48,,,,
10/1/2018 13:26,20.7,48.36,31.62,56.85,31.88,,,,
10/1/2018 13:26,20.75,49.31,32.34,56.42,30.26,,,,
10/1/2018 13:26,20.8,49.38,33.73,54.29,29.32,,,,
10/1/2018 13:26,20.85,50.73,33.79,53.29,28.26,,,,
10/1/2018 13:26,20.9,51.41,33.58,50.21,29.56,,,,
10/1/2018 13:26,20.95,52.5,33.89,48.28,29.68,,,,
10/1/2018 13:26,21,52.93,34.33,48.5,29.59,,,,
10/1/2018 13:26,21.05,53.87,33.58,48.13,30.22,,,,
10/1/2018 13:26,21.1,53.12,33.18,48.34,30.72,,,,
10/1/2018 13:26,21.15,52.94,32.27,49.64,30.86,,,,
10/1/2018 13:26,21.2,52.42,31.05,50.26,31.61,,,,
10/1/2018 13:26,21.25,52.43,30.76,50.51,31.02,,,,
10/1/2018 13:26,21.3,51.48,29.85,50.73,32.05,,,,
10/1/2018 13:26,21.35,51.25,29.46,50.55,31.67,,,,
10/1/2018 13:26,21.4,50.25,29.38,50.82,31.16,,,,
10/1/2018 13:26,21.45,48.43,29.11,51.19,31.16,,,,
10/1/2018 13:26,21.5,45.97,27.67,53.45,29.1,,,,
10/1/2018 13:26,21.55,42.57,26.8,54.14,26.23,,,,
10/1/2018 13:26,21.6,37.89,24.04,56.5,22.99,,,,
10/1/2018 13:26,21.65,31.77,21.3,56.38,20.99,,,,
10/1/2018 13:26,21.7,28.3,16.63,55.56,19.78,,,,
10/1/2018 13:26,21.75,27.12,14.27,52.69,20.31,,,,
10/1/2018 13:26,21.8,25.51,11.86,50.96,20.29,,,,
10/1/2018 13:26,21.85,25.75,10.65,49.31,19.54,,,,
10/1/2018 13:26,21.9,23.88,8.42,47.2,19,,,,
10/1/2018 13:26,21.95,21.17,5.41,44.84,15.8,,,,
10/1/2018 13:26,22,15.84,1.71,42.51,11.77,,,,
10/1/2018 13:26,22.05,10.17,-1.09,40.32,8.61,,,,
10/1/2018 13:26,22.1,7.29,-3.64,37.15,6.28,,,,
10/1/2018 13:26,22.15,1.26,-4.96,30.28,9.4,,,,
10/1/2018 13:26,22.2,-2.06,-5.89,24.72,7.85,,,,
10/1/2018 13:26,22.25,-2.6,-6.69,18.9,4.46,,,,
10/1/2018 13:26,22.3,-2.68,-7.08,14.32,1.22,,,,
10/1/2018 13:26,22.35,-2.62,-7.16,10.35,-1.42,,,,
10/1/2018 13:26,22.4,-2.71,-7.26,7.25,-5.55,,,,
10/1/2018 13:26,22.45,-2.61,-7.59,3.51,-7,,,,
10/1/2018 13:26,22.5,-2.87,-7.81,0.32,-7.84,,,,
10/1/2018 13:26,22.55,-2.79,-7.85,-0.52,-7.79,,,,
10/1/2018 13:26,22.6,-2.77,-7.99,-0.29,-7.62,,,,
10/1/2018 13:26,22.65,-2.71,-8.09,-0.31,-7.66,,,,
10/1/2018 13:26,22.7,-2.83,-8.05,-0.24,-7.52,,,,
10/1/2018 13:26,22.75,-2.92,-8.06,-0.17,-7.31,,,,
10/1/2018 13:26,22.8,-2.93,-8.05,-0.07,-7.22,,,,
10/1/2018 13:26,22.85,-3.05,-8.03,-0.09,-7.32,,,,
10/1/2018 13:26,22.9,-3.08,-8.06,-0.19,-7.37,,,,
10/1/2018 13:26,22.95,-3.01,-8.01,-0.16,-7.31,,,,
10/1/2018 13:26,23,-3.03,-7.96,-0.14,-7.28,,,,
10/1/2018 13:26,23.05,-3.09,-7.97,-0.16,-7.32,,,,
10/1/2018 13:26,23.1,-2.98,-7.95,-0.14,-7.29,,,,
10/1/2018 13:26,23.15,-3.06,-8,-0.21,-7.35,,,,
10/1/2018 13:26,23.2,-2.05,-6.8,0.76,-7.96,,,,
10/1/2018 13:26,23.25,-1.91,-1.42,0.44,-8.18,,,,
10/1/2018 13:26,23.3,-0.27,-1.82,0.34,-7.99,,,,
10/1/2018 13:26,23.35,2.39,-2.49,0.05,-7.72,,,,
10/1/2018 13:26,23.4,2.82,1.08,0.08,-7.66,,,,
10/1/2018 13:26,23.45,5.8,0.87,0.06,-7.62,,,,
10/1/2018 13:26,23.5,6.98,2.56,0.02,-7.38,,,,
10/1/2018 13:26,23.55,8.34,4.18,0.06,-7.39,,,,
10/1/2018 13:26,23.6,10.67,4.12,-0.1,-7.23,,,,
10/1/2018 13:26,23.65,12.38,4.97,-0.2,-7.11,,,,
10/1/2018 13:26,23.7,7.02,6.37,0.12,0.1,,,,
10/1/2018 13:26,23.75,6.62,6.28,1.39,8.31,,,,
10/1/2018 13:26,23.8,16.4,7.99,1.09,-0.59,,,,
10/1/2018 13:26,23.85,16.06,5.29,1.78,8.76,,,,
10/1/2018 13:26,23.9,10.19,10.6,2.58,13.81,,,,
10/1/2018 13:26,23.95,11.08,8.32,3.33,21.28,,,,
10/1/2018 13:26,24,13.03,9.68,3.6,25.01,,,,
10/1/2018 13:26,24.05,11.52,10.12,4.13,29.78,,,,
10/1/2018 13:26,24.1,11.19,10.15,4.44,34.48,,,,
10/1/2018 13:26,24.15,12.66,12.83,4.43,33.42,,,,
10/1/2018 13:26,24.2,14.87,12.34,4.74,36.77,,,,
10/1/2018 13:26,24.25,16.57,15.22,4.97,37.57,,,,
10/1/2018 13:26,24.3,17.69,17.7,5.38,40.66,,,,
10/1/2018 13:26,24.35,17.73,18.62,5.93,44.65,,,,
10/1/2018 13:26,24.4,19.68,19.9,6.18,47.57,,,,
10/1/2018 13:26,24.45,21.67,20.82,6.78,53.62,,,,
10/1/2018 13:26,24.5,20.86,22.89,7.57,61.35,,,,
10/1/2018 13:26,24.55,24.5,24.7,8.11,66.25,,,,
10/1/2018 13:26,24.6,26.67,26.74,8.36,71.01,,,,
10/1/2018 13:26,24.65,28.85,29.92,8.62,72.53,,,,
10/1/2018 13:26,24.7,29.57,33.11,8.85,72.7,,,,
10/1/2018 13:26,24.75,32.61,36.9,9.08,73.47,,,,
10/1/2018 13:26,24.8,34.49,38.2,9.16,73.7,,,,
10/1/2018 13:26,24.85,33.88,44.58,9.51,73.55,,,,
10/1/2018 13:26,24.9,32.82,47.05,12.83,72.3,,,,
10/1/2018 13:26,24.95,32.85,49.05,13.53,70.83,,,,
10/1/2018 13:26,25,32.44,51.3,16,68.65,,,,
10/1/2018 13:26,25.05,32.35,53.2,17.37,67.13,,,,
10/1/2018 13:26,25.1,32.02,54.55,18.48,66.02,,,,
10/1/2018 13:26,25.15,31.83,54.77,20.18,64.77,,,,
10/1/2018 13:26,25.2,31.09,54.24,18.69,64.78,,,,
10/1/2018 13:26,25.25,29.22,54.22,18.98,63.09,,,,
10/1/2018 13:26,25.3,27.91,51.59,18.53,62.7,,,,
10/1/2018 13:26,25.35,27.51,50.35,15.56,62.83,,,,
10/1/2018 13:26,25.4,26.94,49.61,14.75,61.78,,,,
10/1/2018 13:26,25.45,26.97,48.47,13.57,61.24,,,,
10/1/2018 13:26,25.5,26.37,47.58,12.96,60.65,,,,
10/1/2018 13:26,25.55,25.69,46.79,12.05,59.54,,,,
10/1/2018 13:26,25.6,24.27,45.92,13.37,57.92,,,,
10/1/2018 13:26,25.65,23.75,45.01,13,57.64,,,,
10/1/2018 13:26,25.7,23.14,43.39,12.51,57.41,,,,
10/1/2018 13:26,25.75,22.86,42.61,11.92,56.94,,,,
10/1/2018 13:26,25.8,21.55,41.62,12.28,55.93,,,,
10/1/2018 13:26,25.85,20.19,39.6,10.54,55.97,,,,
10/1/2018 13:26,25.9,16.74,37.24,10.34,53.38,,,,
10/1/2018 13:26,25.95,14.03,34.8,9.33,51.03,,,,
10/1/2018 13:26,26,11.66,32.76,9.25,47.69,,,,
10/1/2018 13:26,26.05,8.87,30.49,9.6,46.02,,,,
10/1/2018 13:26,26.1,6.93,28.2,9.8,42.37,,,,
10/1/2018 13:26,26.15,4.81,26.58,9.48,40.38,,,,
10/1/2018 13:26,26.2,2.58,24.12,9.21,37.5,,,,
10/1/2018 13:26,26.25,1.59,16.29,11.72,31.69,,,,
10/1/2018 13:26,26.3,0.44,8.28,15.15,25.62,,,,
10/1/2018 13:26,26.35,-0.42,1.96,15.95,21.04,,,,
10/1/2018 13:26,26.4,-1,-2.42,15.07,15.23,,,,
10/1/2018 13:26,26.45,-1.86,-6.38,18.67,6.94,,,,
10/1/2018 13:26,26.5,-2.51,-7.11,13.5,5.07,,,,
10/1/2018 13:26,26.55,-2.74,-7.47,10.11,2.59,,,,
10/1/2018 13:26,26.6,-2.72,-7.54,8.06,0.66,,,,
10/1/2018 13:26,26.65,-2.76,-7.6,6.43,-1.54,,,,
10/1/2018 13:26,26.7,-2.71,-7.59,3.24,-2.74,,,,
10/1/2018 13:26,26.75,-2.67,-7.62,2.45,-4.27,,,,
10/1/2018 13:26,26.8,-2.68,-7.57,1.09,-5.77,,,,
10/1/2018 13:26,26.85,-2.59,-7.69,0.32,-6.89,,,,
10/1/2018 13:26,26.9,-2.73,-7.91,-0.02,-7.33,,,,
10/1/2018 13:26,26.95,-2.9,-8,-0.48,-7.37,,,,
10/1/2018 13:26,27,-3,-8,-0.46,-7.5,,,,
10/1/2018 13:26,27.05,-2.94,-8.02,-0.23,-7.41,,,,
10/1/2018 13:26,27.1,-3,-8.02,-0.23,-7.41,,,,
10/1/2018 13:26,27.15,-3.04,-8.08,-0.23,-7.36,,,,
10/1/2018 13:26,27.2,-3.12,-8.08,-0.3,-7.32,,,,
10/1/2018 13:26,27.25,-3.09,-8.03,-0.24,-7.28,,,,
10/1/2018 13:26,27.3,-3.14,-7.98,-0.3,-7.31,,,,
10/1/2018 13:26,27.35,-3.14,-7.97,-0.31,-7.3,,,,
10/1/2018 13:26,27.4,-3.12,-7.95,-0.31,-7.31,,,,
10/1/2018 13:26,27.45,-3.09,-7.97,-0.28,-7.32,,,,
10/1/2018 13:26,27.5,-3.03,-7.94,-0.21,-7.29,,,,
10/1/2018 13:26,27.55,-2.22,-3.99,0.84,-8.33,,,,
10/1/2018 13:26,27.6,-2.44,-6.1,0.61,-7.54,,,,
10/1/2018 13:26,27.65,-2.44,-2.39,0.02,-7.88,,,,
10/1/2018 13:26,27.7,-2.05,-0.39,0.34,-7.97,,,,
10/1/2018 13:26,27.75,-1.74,2.29,0.6,-8.12,,,,
10/1/2018 13:26,27.8,2.91,3.16,-0.06,-8.19,,,,
10/1/2018 13:26,27.85,3.83,1.82,-1.37,1.88,,,,
10/1/2018 13:26,27.9,-0.86,1.5,1.53,2.39,,,,
10/1/2018 13:26,27.95,-0.53,9.76,1.53,-0.04,,,,
10/1/2018 13:26,28,1.02,6.59,2.42,7.99,,,,
10/1/2018 13:26,28.05,1.35,10.05,2.54,9.38,,,,
10/1/2018 13:26,28.1,0.44,10.86,3.15,13.53,,,,
10/1/2018 13:26,28.15,0.76,11.29,3.45,18.2,,,,
10/1/2018 13:26,28.2,0.82,12.36,9.41,15.29,,,,
10/1/2018 13:26,28.25,0.85,5.41,19.55,19.07,,,,
10/1/2018 13:26,28.3,1.95,17.01,5.64,24.62,,,,
10/1/2018 13:26,28.35,2.72,16.92,6.23,28.4,,,,
10/1/2018 13:26,28.4,2.85,15.36,11.12,31.62,,,,
10/1/2018 13:26,28.45,3.79,20.58,7.02,35.74,,,,
10/1/2018 13:26,28.5,4.39,21.92,7.54,40.03,,,,
10/1/2018 13:26,28.55,16.85,21.28,7.09,35.18,,,,
10/1/2018 13:26,28.6,16.76,22.8,6.83,39.78,,,,
10/1/2018 13:26,28.65,11.84,28.48,7.65,44.6,,,,
10/1/2018 13:26,28.7,19.88,26.46,7.02,41.36,,,,
10/1/2018 13:26,28.75,22.72,26.82,6.97,43.55,,,,
10/1/2018 13:26,28.8,20.85,31.67,7.25,43.81,,,,
10/1/2018 13:26,28.85,25.87,31.86,7.15,43.22,,,,
10/1/2018 13:26,28.9,28.6,37.02,7.44,43.59,,,,
10/1/2018 13:26,28.95,28.99,37.42,7.75,48.42,,,,
10/1/2018 13:26,29,34.79,38.24,7.4,46.35,,,,
10/1/2018 13:26,29.05,35.52,40.35,7.66,49.12,,,,
10/1/2018 13:26,29.1,36.05,41.6,7.83,49.27,,,,
10/1/2018 13:26,29.15,40.16,38.87,7.28,47.36,,,,
10/1/2018 13:26,29.2,38.24,36.41,7.24,49.37,,,,
10/1/2018 13:26,29.25,38.95,35.9,7.21,50.04,,,,
10/1/2018 13:26,29.3,40.17,34.72,7.14,51.61,,,,
10/1/2018 13:26,29.35,39.94,36.98,7.29,52.58,,,,
10/1/2018 13:26,29.4,42.26,34.61,7.11,53.96,,,,
10/1/2018 13:26,29.45,42.24,33.41,6.58,52.92,,,,
10/1/2018 13:26,29.5,40.46,33.79,6.71,53.17,,,,
10/1/2018 13:26,29.55,40.02,32.24,6.71,52.11,,,,
10/1/2018 13:26,29.6,35.96,31.59,6.77,50.44,,,,
10/1/2018 13:26,29.65,33.23,32.43,7,49.79,,,,
10/1/2018 13:26,29.7,29.01,34.43,7.3,48.05,,,,
10/1/2018 13:26,29.75,22.82,37.72,7.96,46.39,,,,
10/1/2018 13:26,29.8,17.28,38.73,8.39,44.72,,,,
10/1/2018 13:26,29.85,10.75,39.93,8.78,41.87,,,,
10/1/2018 13:26,29.9,4.53,43.18,9.55,42.42,,,,
10/1/2018 13:26,29.95,4.19,44.27,9.86,41.74,,,,
10/1/2018 13:26,30,4.06,44.24,16.48,35.61,,,,
10/1/2018 13:26,30.05,4.15,45.37,25.4,34.48,,,,
10/1/2018 13:26,30.1,4.93,57.7,14.36,42.34,,,,
10/1/2018 13:26,30.15,4.23,49.33,33.71,34.25,,,,
10/1/2018 13:26,30.2,3.4,49.8,34.19,31.81,,,,
10/1/2018 13:26,30.25,2.65,43.6,40.64,27.42,,,,
10/1/2018 13:26,30.3,1.79,36.02,50.06,22.69,,,,
10/1/2018 13:26,30.35,2.01,38.41,44.13,26.43,,,,
10/1/2018 13:26,30.4,2.13,35.78,46.29,28.25,,,,
10/1/2018 13:26,30.45,2.56,37.79,43.22,31.08,,,,
10/1/2018 13:26,30.5,2.69,39.7,41.57,34.2,,,,
10/1/2018 13:26,30.55,2.89,39.56,44.63,34.76,,,,
10/1/2018 13:26,30.6,3.56,42.81,38.98,40,,,,
10/1/2018 13:26,30.65,4.1,44.89,34.23,46.21,,,,
10/1/2018 13:26,30.7,4.27,44.55,34.83,47.03,,,,
10/1/2018 13:26,30.75,3.93,42.31,34.89,45.48,,,,
10/1/2018 13:26,30.8,3.34,35.68,34.98,41.97,,,,
10/1/2018 13:26,30.85,2.14,26.25,36.25,34.25,,,,
10/1/2018 13:26,30.9,0.71,18.39,34.73,25.35,,,,
10/1/2018 13:26,30.95,-0.38,9.33,31.37,17.85,,,,
10/1/2018 13:26,31,-1.43,-0.65,29.64,11.7,,,,
10/1/2018 13:26,31.05,-2.26,-5.82,27.68,6.11,,,,
10/1/2018 13:26,31.1,-2.61,-6.82,21.21,2.3,,,,
10/1/2018 13:26,31.15,-2.84,-7.43,17.03,0.19,,,,
10/1/2018 13:26,31.2,-2.62,-7.57,12.98,0.14,,,,
10/1/2018 13:26,31.25,-2.52,-7.45,11.08,-1.33,,,,
10/1/2018 13:26,31.3,-2.41,-7.36,9.47,-1.91,,,,
10/1/2018 13:26,31.35,-2.47,-7.35,6.87,-3.59,,,,
10/1/2018 13:26,31.4,-2.55,-7.37,5.4,-5.52,,,,
10/1/2018 13:26,31.45,-2.55,-7.54,2.75,-7.48,,,,
10/1/2018 13:26,31.5,-2.67,-7.89,0.83,-7.8,,,,
10/1/2018 13:26,31.55,-2.86,-8.07,0.08,-7.81,,,,
10/1/2018 13:26,31.6,-3.02,-8.17,0.07,-7.81,,,,
10/1/2018 13:26,31.65,-3,-8.18,0.15,-7.72,,,,
10/1/2018 13:26,31.7,-2.93,-8.09,0.38,-7.46,,,,
10/1/2018 13:26,31.75,-3.03,-8.12,0.28,-7.46,,,,
10/1/2018 13:26,31.8,-3.1,-8.1,0.32,-7.52,,,,
10/1/2018 13:26,31.85,-3.1,-8.16,0.12,-7.5,,,,
10/1/2018 13:26,31.9,-3.22,-8.19,0.08,-7.58,,,,
10/1/2018 13:26,31.95,-3.23,-8.2,0.02,-7.6,,,,
10/1/2018 13:26,32,-3.26,-8.19,0.03,-7.58,,,,
10/1/2018 13:26,32.05,-3.12,-8.08,0.18,-7.41,,,,
10/1/2018 13:26,32.1,-3.12,-8.06,0.21,-7.41,,,,
10/1/2018 13:26,32.15,-3.15,-8.04,0.23,-7.43,,,,
10/1/2018 13:26,32.2,-3.36,-7.65,-0.66,-6.26,,,,
10/1/2018 13:26,32.25,-2.69,-3.27,-0.21,-6.61,,,,
10/1/2018 13:26,32.3,-2.24,-3.94,-0.5,-7.56,,,,
10/1/2018 13:26,32.35,2.34,-2.56,0.14,-7.49,,,,
10/1/2018 13:26,32.4,2.37,-0.59,-0.3,-7.21,,,,
10/1/2018 13:26,32.45,5.31,-0.81,-0.23,-7.03,,,,
10/1/2018 13:26,32.5,0.91,1.89,3.59,0.37,,,,
10/1/2018 13:26,32.55,0.99,-0.23,10.1,1.05,,,,
10/1/2018 13:26,32.6,9.42,4.52,0.97,-2.86,,,,
10/1/2018 13:26,32.65,5.76,2.7,6.86,3.09,,,,
10/1/2018 13:26,32.7,5.39,1.88,7.75,7.54,,,,
10/1/2018 13:26,32.75,5.63,2.93,8.66,8.61,,,,
10/1/2018 13:26,32.8,6.1,2.84,8.59,10.71,,,,
10/1/2018 13:26,32.85,6.16,2.14,9.86,12.88,,,,
10/1/2018 13:26,32.9,7.62,2.79,8.43,14.45,,,,
10/1/2018 13:26,32.95,8.91,2.88,9.78,16.07,,,,
10/1/2018 13:26,33,9.91,3.11,11.92,19.02,,,,
10/1/2018 13:26,33.05,13.06,6.45,14.08,17.65,,,,
10/1/2018 13:26,33.1,14.13,7.8,16.97,20.74,,,,
10/1/2018 13:26,33.15,17.72,10.5,20.76,22.9,,,,
10/1/2018 13:26,33.2,20.55,12.7,23.44,27.18,,,,
10/1/2018 13:26,33.25,22.4,14.41,27.13,29.47,,,,
10/1/2018 13:26,33.3,24.83,17.06,31.47,31.34,,,,
10/1/2018 13:26,33.35,27.83,19.37,32.9,35.74,,,,
10/1/2018 13:26,33.4,29.12,20.49,33.19,37.89,,,,
10/1/2018 13:26,33.45,31.27,22.15,33.21,38.14,,,,
10/1/2018 13:26,33.5,30.87,22.25,34.88,40.48,,,,
10/1/2018 13:26,33.55,32.87,23.85,35.62,40.29,,,,
10/1/2018 13:26,33.6,33.67,24.94,36.9,43.05,,,,
10/1/2018 13:26,33.65,35.03,27.38,37.11,44.5,,,,
10/1/2018 13:26,33.7,37.12,29.99,38.14,45.92,,,,
10/1/2018 13:26,33.75,37.86,31.53,37.71,48.63,,,,
10/1/2018 13:26,33.8,41.36,32.74,38.2,50.01,,,,
10/1/2018 13:26,33.85,44.05,32.82,38.98,52.94,,,,
10/1/2018 13:26,33.9,44.95,31.76,40.05,52.95,,,,
10/1/2018 13:26,33.95,48.05,31.26,38.1,55.85,,,,
10/1/2018 13:26,34,47.59,31.85,38.71,55.21,,,,
10/1/2018 13:26,34.05,46.83,32.4,40.01,54.08,,,,
10/1/2018 13:26,34.1,44.8,34.37,43.39,49.2,,,,
10/1/2018 13:26,34.15,41.93,35.7,44.25,47.34,,,,
10/1/2018 13:26,34.2,39.1,35.46,46.93,44.57,,,,
10/1/2018 13:26,34.25,34.65,33.16,45.77,42.59,,,,
10/1/2018 13:26,34.3,30.48,30.79,47.39,39.55,,,,
10/1/2018 13:26,34.35,27.64,28.87,45.82,37.51,,,,
10/1/2018 13:26,34.4,26.39,27.69,45.21,34.26,,,,
10/1/2018 13:26,34.45,27.31,26.63,39.9,37.09,,,,
10/1/2018 13:26,34.5,27.92,26.76,39.82,35.76,,,,
10/1/2018 13:26,34.55,27.42,25.9,40.35,34.85,,,,
10/1/2018 13:26,34.6,24.52,24.74,40.64,33.75,,,,
10/1/2018 13:26,34.65,17.98,22.45,41.96,27.83,,,,
10/1/2018 13:26,34.7,10.22,19.94,43.99,19.88,,,,
10/1/2018 13:26,34.75,7.29,16.3,39.74,17.78,,,,
10/1/2018 13:26,34.8,4.79,9.76,35.11,18.52,,,,
10/1/2018 13:26,34.85,4.6,4.52,27.34,19.49,,,,
10/1/2018 13:26,34.9,3.81,0.07,23.58,21.12,,,,
10/1/2018 13:26,34.95,4.02,-2.16,21.4,21.49,,,,
10/1/2018 13:26,35,2.61,-4.85,19.63,21.44,,,,
10/1/2018 13:26,35.05,0.82,-6.47,17.33,21.12,,,,
10/1/2018 13:26,35.1,-0.9,-7.31,13.86,21.12,,,,
10/1/2018 13:26,35.15,-1.47,-7.65,11.66,17.43,,,,
10/1/2018 13:26,35.2,-1.71,-7.93,9.17,15.67,,,,
10/1/2018 13:26,35.25,-2.01,-8.12,7.65,12.32,,,,
10/1/2018 13:26,35.3,-2.07,-8.24,5.39,10.98,,,,
10/1/2018 13:26,35.35,-1.9,-8.26,3.59,10.74,,,,
10/1/2018 13:26,35.4,-1.76,-8.27,2.08,9.37,,,,
10/1/2018 13:26,35.45,-1.63,-8.23,1.17,8.96,,,,
10/1/2018 13:26,35.5,-1.99,-8.18,0.69,4.19,,,,
10/1/2018 13:26,35.55,-2.38,-7.93,0.36,-1.5,,,,
10/1/2018 13:26,35.6,-2.65,-7.8,-0.05,-6.06,,,,
10/1/2018 13:26,35.65,-3.03,-7.68,-0.29,-7.78,,,,
10/1/2018 13:26,35.7,-3.02,-7.93,-0.87,-7.82,,,,
10/1/2018 13:26,35.75,-2.91,-8.15,-0.5,-7.6,,,,
10/1/2018 13:26,35.8,-2.79,-8.26,-0.31,-7.24,,,,
10/1/2018 13:26,35.85,-2.77,-8.21,-0.22,-7.24,,,,
10/1/2018 13:26,35.9,-2.83,-8.16,-0.15,-7.21,,,,
10/1/2018 13:26,35.95,-2.88,-8.31,-0.33,-7.2,,,,
10/1/2018 13:26,36,-2.81,-8.26,-0.3,-7.21,,,,
10/1/2018 13:26,36.05,-2.86,-8.15,-0.14,-7.31,,,,
10/1/2018 13:26,36.1,-2.86,-8.2,-0.23,-7.29,,,,
10/1/2018 13:26,36.15,-2.9,-8.18,-0.27,-7.26,,,,
10/1/2018 13:26,36.2,-2.99,-8.21,-0.33,-7.22,,,,
10/1/2018 13:26,36.25,-3.08,-8.24,-0.35,-7.21,,,,
10/1/2018 13:26,36.3,-3.11,-8.18,-0.25,-7.17,,,,
10/1/2018 13:26,36.35,-2.1,-4.56,0.7,-7.02,,,,
10/1/2018 13:26,36.4,-2.28,-4.49,-0.03,-7.46,,,,
10/1/2018 13:26,36.45,-2.31,-3.42,0.39,-7.74,,,,
10/1/2018 13:26,36.5,-2.12,-2.04,0.22,-7.73,,,,
10/1/2018 13:26,36.55,-1.93,-0.3,0.39,-7.73,,,,
10/1/2018 13:26,36.6,-1.79,1.22,0.43,-7.85,,,,
10/1/2018 13:26,36.65,4.18,1.2,0.15,-7.12,,,,
10/1/2018 13:26,36.7,4.38,5.86,0.09,-6.98,,,,
10/1/2018 13:26,36.75,0.69,-1.75,17.84,5.33,,,,
10/1/2018 13:26,36.8,3.9,10.71,5.49,13.69,,,,
10/1/2018 13:26,36.85,6.81,15.48,5.93,15.65,,,,
10/1/2018 13:26,36.9,4.16,14.28,17.72,26.31,,,,
10/1/2018 13:26,36.95,10.96,18.01,15.94,28.18,,,,
10/1/2018 13:26,37,11.57,18.7,17.84,38.89,,,,
10/1/2018 13:26,37.05,17.87,22.28,16.83,41.68,,,,
10/1/2018 13:26,37.1,18.96,23.62,20.09,44.13,,,,
10/1/2018 13:26,37.15,22.06,26.98,19.63,44.17,,,,
10/1/2018 13:26,37.2,23.67,28.46,21.09,44.65,,,,
10/1/2018 13:26,37.25,26.58,29.79,20.28,46.26,,,,
10/1/2018 13:26,37.3,27.67,31.16,20.35,47.49,,,,
10/1/2018 13:26,37.35,30.02,32.97,18.82,48.36,,,,
10/1/2018 13:26,37.4,30.8,33.6,19.78,48.85,,,,
10/1/2018 13:26,37.45,32.91,35.64,18.75,49.14,,,,
10/1/2018 13:26,37.5,35.21,36.9,19.37,49.91,,,,
10/1/2018 13:26,37.55,38.78,38.75,19.63,52.63,,,,
10/1/2018 13:26,37.6,42.93,40.15,18.7,54.13,,,,
10/1/2018 13:26,37.65,45.86,43.04,20.21,54.67,,,,
10/1/2018 13:26,37.7,50.19,47.43,21.18,55.57,,,,
10/1/2018 13:26,37.75,51.2,50.03,25.77,52.91,,,,
10/1/2018 13:26,37.8,51.73,49.04,28.55,53.22,,,,
10/1/2018 13:26,37.85,52.98,48.2,28.5,52.99,,,,
10/1/2018 13:26,37.9,51.31,45.99,29.91,53.57,,,,
10/1/2018 13:26,37.95,51.96,46.06,29.24,53.23,,,,
10/1/2018 13:26,38,52.14,45.21,28.9,53.33,,,,
10/1/2018 13:26,38.05,52.52,44.96,28.62,53.01,,,,
10/1/2018 13:26,38.1,51.16,44.97,27.73,53.06,,,,
10/1/2018 13:26,38.15,50.19,43.68,27.99,51.22,,,,
10/1/2018 13:26,38.2,49.49,43.81,26.93,50.97,,,,
10/1/2018 13:26,38.25,48.55,44.51,28.33,48.88,,,,
10/1/2018 13:26,38.3,47.31,43.75,29.79,48.25,,,,
10/1/2018 13:26,38.35,45.14,43.19,29.71,47.26,,,,
10/1/2018 13:26,38.4,44.44,42.32,31.44,46.31,,,,
10/1/2018 13:26,38.45,45.7,42.4,29.45,48.05,,,,
10/1/2018 13:26,38.5,45.13,42.74,29.85,47.77,,,,
10/1/2018 13:26,38.55,46.71,43.64,28.53,47.96,,,,
10/1/2018 13:26,38.6,46.86,44.2,29.5,47.77,,,,
10/1/2018 13:26,38.65,46.74,44.93,29.36,47.27,,,,
10/1/2018 13:26,38.7,46.86,44.34,29.36,47.66,,,,
10/1/2018 13:26,38.75,45.85,44.47,29.51,46.73,,,,
10/1/2018 13:26,38.8,45.39,43.86,30.66,45.96,,,,
10/1/2018 13:26,38.85,43.68,43.94,30.37,45.54,,,,
10/1/2018 13:26,38.9,43,44.45,31.46,43.62,,,,
10/1/2018 13:26,38.95,40.9,44.83,33.19,42.73,,,,
10/1/2018 13:27,39,39.14,44.91,35.41,41.42,,,,
10/1/2018 13:27,39.05,37.13,44.13,36.41,40.3,,,,
10/1/2018 13:27,39.1,34.36,43.79,36.49,38.82,,,,
10/1/2018 13:27,39.15,29.83,42.08,38.16,35.51,,,,
10/1/2018 13:27,39.2,26.29,39.99,37.84,33.39,,,,
10/1/2018 13:27,39.25,22.75,36.88,36.77,32.11,,,,
10/1/2018 13:27,39.3,19.09,34.37,34.29,29.89,,,,
10/1/2018 13:27,39.35,14.89,30.6,33.28,26.63,,,,
10/1/2018 13:27,39.4,11.31,26.37,31.79,24.18,,,,
10/1/2018 13:27,39.45,5.82,21.78,30.72,21.66,,,,
10/1/2018 13:27,39.5,2.36,17.39,28.86,18.57,,,,
10/1/2018 13:27,39.55,-0.25,13.04,28.85,16.14,,,,
10/1/2018 13:27,39.6,-0.97,7.28,27.92,12.91,,,,
10/1/2018 13:27,39.65,-1.23,0.7,26.21,10.09,,,,
10/1/2018 13:27,39.7,-2.05,-4.61,24.94,6.42,,,,
10/1/2018 13:27,39.75,-2.77,-6.78,21.4,4.16,,,,
10/1/2018 13:27,39.8,-2.86,-7.25,17.05,3.23,,,,
10/1/2018 13:27,39.85,-2.99,-7.58,14.57,1.33,,,,
10/1/2018 13:27,39.9,-2.95,-7.67,11.88,0.61,,,,
10/1/2018 13:27,39.95,-2.82,-7.74,9.64,0.77,,,,
10/1/2018 13:27,40,-2.68,-7.77,8.64,0.29,,,,
10/1/2018 13:27,40.05,-2.51,-7.78,5.7,1.11,,,,
10/1/2018 13:27,40.1,-2.45,-7.72,3.95,0.05,,,,
10/1/2018 13:27,40.15,-2.47,-7.85,0.95,-1.27,,,,
10/1/2018 13:27,40.2,-2.56,-8.03,0.54,-4.33,,,,
10/1/2018 13:27,40.25,-2.88,-7.81,-0.63,-7.85,,,,
10/1/2018 13:27,40.3,-3.08,-7.88,-0.33,-7.67,,,,
10/1/2018 13:27,40.35,-3.05,-7.98,-0.44,-7.23,,,,
10/1/2018 13:27,40.4,-2.99,-8.04,0.01,-7.46,,,,
10/1/2018 13:27,40.45,-2.89,-8.02,0.08,-7.38,,,,
10/1/2018 13:27,40.5,-2.88,-8.02,0.03,-7.32,,,,
10/1/2018 13:27,40.55,-3.01,-8.1,-0.11,-7.21,,,,
10/1/2018 13:27,40.6,-3.12,-8.1,-0.13,-7.17,,,,
10/1/2018 13:27,40.65,-3.22,-8.18,-0.16,-7.27,,,,
10/1/2018 13:27,40.7,-3.3,-8.21,-0.26,-7.35,,,,
10/1/2018 13:27,40.75,-3.29,-8.23,-0.24,-7.3,,,,
10/1/2018 13:27,40.8,-3.9,-5.27,-1.86,-9.76,,,,
10/1/2018 13:27,40.85,-3.43,-7.17,0.31,-6.02,,,,
10/1/2018 13:27,40.9,-3.17,-5.34,0.52,-7.32,,,,
10/1/2018 13:27,40.95,-2.94,-4.49,-0.29,-7.34,,,,
10/1/2018 13:27,41,-2.66,-3.35,0.21,-7.64,,,,
10/1/2018 13:27,41.05,-2.46,-2.56,-0.04,-7.93,,,,
10/1/2018 13:27,41.1,-2.25,-1.59,-0.08,3.98,,,,
10/1/2018 13:27,41.15,-2.13,-2.82,1.25,1.32,,,,
10/1/2018 13:27,41.2,-1.59,2.17,1.47,1.88,,,,
10/1/2018 13:27,41.25,-0.95,3.3,1.97,8.14,,,,
10/1/2018 13:27,41.3,3.14,6.69,2.05,9.08,,,,
10/1/2018 13:27,41.35,2.61,8.87,2.95,19.26,,,,
10/1/2018 13:27,41.4,3.03,11.97,3.87,25.21,,,,
10/1/2018 13:27,41.45,7.16,14.66,4.12,26.97,,,,
10/1/2018 13:27,41.5,10.61,16.08,4.41,30.44,,,,
10/1/2018 13:27,41.55,12.42,20.04,4.96,34.11,,,,
10/1/2018 13:27,41.6,16.56,22.43,5.22,36.77,,,,
10/1/2018 13:27,41.65,19.18,25.55,5.81,42.4,,,,
10/1/2018 13:27,41.7,21.05,29.8,10.45,45.06,,,,
10/1/2018 13:27,41.75,24.55,32.37,9.35,50.32,,,,
10/1/2018 13:27,41.8,25.36,35.13,17.78,49.08,,,,
10/1/2018 13:27,41.85,28.6,37.7,17.95,51.48,,,,
10/1/2018 13:27,41.9,30.12,38.04,21.91,53.64,,,,
10/1/2018 13:27,41.95,31.12,40.15,23.41,53.44,,,,
10/1/2018 13:27,42,33.17,42.74,26.41,53.75,,,,
10/1/2018 13:27,42.05,34.04,43.02,28.13,54.66,,,,
10/1/2018 13:27,42.1,35.41,44.28,28.43,53.53,,,,
10/1/2018 13:27,42.15,34.86,44.5,29.75,53.03,,,,
10/1/2018 13:27,42.2,35.99,44.52,29,51.75,,,,
10/1/2018 13:27,42.25,36.21,44.82,28.39,51.13,,,,
10/1/2018 13:27,42.3,37.96,45.09,27.41,50.22,,,,
10/1/2018 13:27,42.35,40.56,45.28,25.63,51.39,,,,
10/1/2018 13:27,42.4,40.92,45.31,20.63,52.45,,,,
10/1/2018 13:27,42.45,39.17,44.52,22.81,52.42,,,,
10/1/2018 13:27,42.5,36.47,42.91,22.74,51.88,,,,
10/1/2018 13:27,42.55,33.19,40.79,22.49,50.43,,,,
10/1/2018 13:27,42.6,28,37.84,21.52,48.03,,,,
10/1/2018 13:27,42.65,25.34,34.34,20.62,44.89,,,,
10/1/2018 13:27,42.7,22.51,32.63,19.54,41.67,,,,
10/1/2018 13:27,42.75,19.32,30.68,19.43,38.95,,,,
10/1/2018 13:27,42.8,15.02,28.28,18.74,35.51,,,,
10/1/2018 13:27,42.85,11.78,26.45,16.93,32.56,,,,
10/1/2018 13:27,42.9,8.5,24.56,15.42,30.96,,,,
10/1/2018 13:27,42.95,5.95,21.29,15.07,27.77,,,,
10/1/2018 13:27,43,2.65,18.12,12.39,26.48,,,,
10/1/2018 13:27,43.05,1.42,14.33,12.43,22.46,,,,
10/1/2018 13:27,43.1,0.55,8.94,13.53,17.89,,,,
10/1/2018 13:27,43.15,-0.36,5,13.14,14.36,,,,
10/1/2018 13:27,43.2,-0.84,2.43,9.37,12.85,,,,
10/1/2018 13:27,43.25,-1.16,0.83,7.57,10.92,,,,
10/1/2018 13:27,43.3,-1.37,0.17,4.99,9.59,,,,
10/1/2018 13:27,43.35,-1.37,0.57,2.27,8.13,,,,
10/1/2018 13:27,43.4,-1.42,0.48,1.92,6.88,,,,
10/1/2018 13:27,43.45,2.13,-1.35,1.57,4.54,,,,
10/1/2018 13:27,43.5,1.82,-0.32,0.98,0.99,,,,
10/1/2018 13:27,43.55,0.48,-0.94,0.81,0.78,,,,
10/1/2018 13:27,43.6,0.69,-1.74,0.87,0.6,,,,
10/1/2018 13:27,43.65,-0.89,-0.41,0.86,0.44,,,,
10/1/2018 13:27,43.7,0.32,-1.83,0.89,0.66,,,,
10/1/2018 13:27,43.75,-0.75,-0.61,0.89,0.92,,,,
10/1/2018 13:27,43.8,1.03,-1.34,0.81,-0.07,,,,
10/1/2018 13:27,43.85,0.34,-0.89,0.73,0.11,,,,
10/1/2018 13:27,43.9,0.73,-1.45,0.82,0.27,,,,
10/1/2018 13:27,43.95,0.19,-1.07,0.73,0.11,,,,
10/1/2018 13:27,44,1.77,-2.34,0.62,-1.85,,,,
10/1/2018 13:27,44.05,-0.77,-1.48,0.72,-0.47,,,,
10/1/2018 13:27,44.1,-2.72,-4.69,0.8,-0.44,,,,
10/1/2018 13:27,44.15,-3.45,-4.79,3.17,-6.9,,,,
10/1/2018 13:27,44.2,-3.59,-8.33,0.74,-7.41,,,,
10/1/2018 13:27,44.25,-3.06,-8.49,0.05,-7.39,,,,
10/1/2018 13:27,44.3,-2.64,-8.55,0.86,-7.58,,,,
10/1/2018 13:27,44.35,-2.27,-8.23,0.69,-7.73,,,,
10/1/2018 13:27,44.4,-2.31,-8.27,1.87,-7.76,,,,
10/1/2018 13:27,44.45,-2.39,-8.21,2.17,-7.62,,,,
10/1/2018 13:27,44.5,-2.5,-8.19,2.71,-7.6,,,,
10/1/2018 13:27,44.55,-2.73,-8.05,2.97,-7.54,,,,
10/1/2018 13:27,44.6,-2.51,-7.67,2.91,-7.71,,,,
10/1/2018 13:27,44.65,-2.63,-7.74,0.36,-8.01,,,,
10/1/2018 13:27,44.7,-2.84,-7.56,-0.61,-7.95,,,,
10/1/2018 13:27,44.75,-2.89,-7.58,-0.74,-7.89,,,,
10/1/2018 13:27,44.8,-2.48,-5.46,-1.23,-9.73,,,,
10/1/2018 13:27,44.85,-3.01,-4.54,-0.89,-8.29,,,,
10/1/2018 13:27,44.9,-2.59,-5.16,-1.38,-7.6,,,,
10/1/2018 13:27,44.95,-2.42,-6.85,-1.1,-7.98,,,,
10/1/2018 13:27,45,-2.46,-7.44,-0.97,-8.08,,,,
10/1/2018 13:27,45.05,-2.58,-7.64,-0.95,-8.07,,,,
10/1/2018 13:27,45.1,-2.67,-7.86,-0.59,-8.09,,,,
10/1/2018 13:27,45.15,-2.71,-7.89,-0.89,-8.12,,,,
10/1/2018 13:27,45.2,-2.71,-7.89,-0.97,-8.02,,,,
10/1/2018 13:27,45.25,-2.72,-7.83,-1.18,-7.69,,,,
10/1/2018 13:27,45.3,-2.66,-7.77,-1.19,-7.71,,,,
10/1/2018 13:27,45.35,-2.62,-7.63,-1.04,-7.73,,,,
10/1/2018 13:27,45.4,-2.56,-7.5,-0.91,-7.62,,,,
10/1/2018 13:27,45.45,-1.99,-7.48,-0.76,-7.74,,,,
10/1/2018 13:27,45.5,-2.31,-7.56,-0.55,-7.65,,,,
10/1/2018 13:27,45.55,-2.28,-7.59,-0.29,-7.97,,,,
10/1/2018 13:27,45.6,-2.75,-7.75,-0.59,-7.87,,,,
10/1/2018 13:27,45.65,-2.71,-7.7,-0.49,-7.68,,,,
10/1/2018 13:27,45.7,-2.63,-7.65,-0.58,-7.56,,,,
10/1/2018 13:27,45.75,-2.67,-7.48,-0.79,-7.84,,,,
10/1/2018 13:27,45.8,-2.65,-7.44,-0.8,-7.94,,,,
10/1/2018 13:27,45.85,-2.65,-7.36,-1.12,-7.85,,,,
10/1/2018 13:27,45.9,-2.56,-7.43,-1.11,-7.9,,,,
10/1/2018 13:27,45.95,-2.57,-7.4,-1.02,-7.84,,,,
10/1/2018 13:27,46,-2.56,-7.46,-0.87,-7.92,,,,
10/1/2018 13:27,46.05,-2.61,-7.51,-1.06,-7.94,,,,
10/1/2018 13:27,46.1,-2.63,-7.55,-1,-7.83,,,,
10/1/2018 13:27,46.15,-2.65,-7.66,-1.06,-7.85,,,,
10/1/2018 13:27,46.2,-2.76,-7.72,-1.16,-7.94,,,,
